"Source","Extension","FileCount","TotalBytes"
"CWMS_RTS","","1222","732186464"
"CWMS_RTS",".7z","1","2390334"
"CWMS_RTS",".access","6","23982"
"CWMS_RTS",".asc","1","925574"
"CWMS_RTS",".bat","15","4994"
"CWMS_RTS",".bfc","6","28604"
"CWMS_RTS",".certs","6","15162"
"CWMS_RTS",".cfg","6","174"
"CWMS_RTS",".clusters","1","67"
"CWMS_RTS",".cmd","14","28642"
"CWMS_RTS",".conf","1","949"
"CWMS_RTS",".config","27","76194"
"CWMS_RTS",".crt","1","221418"
"CWMS_RTS",".css","4","67396"
"CWMS_RTS",".csv","18","295849"
"CWMS_RTS",".dat","14","3111200"
"CWMS_RTS",".db","2","14503936"
"CWMS_RTS",".def","12","240064"
"CWMS_RTS",".dgn","4","22528"
"CWMS_RTS",".dll","689","509274983"
"CWMS_RTS",".dsc","1","429"
"CWMS_RTS",".dss","1","192000"
"CWMS_RTS",".dxf","4","19177"
"CWMS_RTS",".dylib","4","256560"
"CWMS_RTS",".exe","294","74643666"
"CWMS_RTS",".extra","2","81568"
"CWMS_RTS",".gfs","70","443082"
"CWMS_RTS",".gsb","2","595888"
"CWMS_RTS",".h","44","1327676"
"CWMS_RTS",".h5","5","31079014"
"CWMS_RTS",".hta","1","4579"
"CWMS_RTS",".html","5594","278734226"
"CWMS_RTS",".ini","2","10315"
"CWMS_RTS",".installinfo","4","1038"
"CWMS_RTS",".ja","6","22758"
"CWMS_RTS",".jar","1994","1662841676"
"CWMS_RTS",".jfc","12","443364"
"CWMS_RTS",".jmod","280","336132304"
"CWMS_RTS",".jnilib","4","536832"
"CWMS_RTS",".js","20","7111656"
"CWMS_RTS",".jsa","12","151519232"
"CWMS_RTS",".json","10","89683"
"CWMS_RTS",".lastmodified","3","0"
"CWMS_RTS",".lib","12","6849736"
"CWMS_RTS",".lic","1","512"
"CWMS_RTS",".lnk","1","1666"
"CWMS_RTS",".lst","1","6527"
"CWMS_RTS",".mapml","1","1974"
"CWMS_RTS",".md","192","1152569"
"CWMS_RTS",".param","3","80847"
"CWMS_RTS",".pdb","1","10068"
"CWMS_RTS",".png","6","5828"
"CWMS_RTS",".policy","46","94252"
"CWMS_RTS",".prj","2","591"
"CWMS_RTS",".properties","47","282834"
"CWMS_RTS",".py","1","88213"
"CWMS_RTS",".rad","2","216204"
"CWMS_RTS",".reg","1","21166"
"CWMS_RTS",".rf","2","186342"
"CWMS_RTS",".rsc","2","927264"
"CWMS_RTS",".rtf","2","192296"
"CWMS_RTS",".security","6","382362"
"CWMS_RTS",".so","13","27686228"
"CWMS_RTS",".src","6","75138"
"CWMS_RTS",".svg","10","83702"
"CWMS_RTS",".sym","4","42860552"
"CWMS_RTS",".template","9","42407"
"CWMS_RTS",".ts","2","133446"
"CWMS_RTS",".txt","21","263387"
"CWMS_RTS",".url","2","274"
"CWMS_RTS",".ver","4","45"
"CWMS_RTS",".wkt","8","1419536"
"CWMS_RTS",".xml","611","712230"
"CWMS_RTS",".xsd","14","305761"
"CWMS_RTS",".zip","11","157128192"
"NWP_Willamette_Master_2026_10_05_DamagesPrevented","._lastlayout-g2echrc9","2","10448"
"NWP_Willamette_Master_2026_10_05_DamagesPrevented",".03","1","506"
"NWP_Willamette_Master_2026_10_05_DamagesPrevented",".08","1","1518"
"NWP_Willamette_Master_2026_10_05_DamagesPrevented",".09","1","5566"
"NWP_Willamette_Master_2026_10_05_DamagesPrevented",".12","1","15734"
"NWP_Willamette_Master_2026_10_05_DamagesPrevented",".17","1","6578"
"NWP_Willamette_Master_2026_10_05_DamagesPrevented",".18","1","506"
"NWP_Willamette_Master_2026_10_05_DamagesPrevented",".7z","2","55332771"
"NWP_Willamette_Master_2026_10_05_DamagesPrevented",".ag","1","443"
"NWP_Willamette_Master_2026_10_05_DamagesPrevented",".align","2","2865354"
"NWP_Willamette_Master_2026_10_05_DamagesPrevented",".bak","398","17020870"
"NWP_Willamette_Master_2026_10_05_DamagesPrevented",".bat","17","56710"
"NWP_Willamette_Master_2026_10_05_DamagesPrevented",".class","59","1069337"
"NWP_Willamette_Master_2026_10_05_DamagesPrevented",".conf","8","52275"
"NWP_Willamette_Master_2026_10_05_DamagesPrevented",".config","1","2389"
"NWP_Willamette_Master_2026_10_05_DamagesPrevented",".csv","160","46286879"
"NWP_Willamette_Master_2026_10_05_DamagesPrevented",".dat","1","1981"
"NWP_Willamette_Master_2026_10_05_DamagesPrevented",".datastatus","2","3534"
"NWP_Willamette_Master_2026_10_05_DamagesPrevented",".dbf","38","1727567"
"NWP_Willamette_Master_2026_10_05_DamagesPrevented",".dbt","22","170982736"
"NWP_Willamette_Master_2026_10_05_DamagesPrevented",".dist","1","157"
"NWP_Willamette_Master_2026_10_05_DamagesPrevented",".docx","5","469926"
"NWP_Willamette_Master_2026_10_05_DamagesPrevented",".dsc","4","87357"
"NWP_Willamette_Master_2026_10_05_DamagesPrevented",".dsk","1","4"
"NWP_Willamette_Master_2026_10_05_DamagesPrevented",".dss","56","391792312"
"NWP_Willamette_Master_2026_10_05_DamagesPrevented",".fgd","1","28"
"NWP_Willamette_Master_2026_10_05_DamagesPrevented",".fits","71","1385349"
"NWP_Willamette_Master_2026_10_05_DamagesPrevented",".gage","1","86"
"NWP_Willamette_Master_2026_10_05_DamagesPrevented",".gdr","12","254502"
"NWP_Willamette_Master_2026_10_05_DamagesPrevented",".gitignore","1","91"
"NWP_Willamette_Master_2026_10_05_DamagesPrevented",".grid","1","86"
"NWP_Willamette_Master_2026_10_05_DamagesPrevented",".gz","1","314606"
"NWP_Willamette_Master_2026_10_05_DamagesPrevented",".hms","1","181"
"NWP_Willamette_Master_2026_10_05_DamagesPrevented",".html","46","77985883"
"NWP_Willamette_Master_2026_10_05_DamagesPrevented",".icons","2","62"
"NWP_Willamette_Master_2026_10_05_DamagesPrevented",".igv","76","22689"
"NWP_Willamette_Master_2026_10_05_DamagesPrevented",".jar","5","2569248"
"NWP_Willamette_Master_2026_10_05_DamagesPrevented",".js","3","13676109"
"NWP_Willamette_Master_2026_10_05_DamagesPrevented",".json","9","234245"
"NWP_Willamette_Master_2026_10_05_DamagesPrevented",".list","6","24407"
"NWP_Willamette_Master_2026_10_05_DamagesPrevented",".log","102","53716259"
"NWP_Willamette_Master_2026_10_05_DamagesPrevented",".malt","20","14124"
"NWP_Willamette_Master_2026_10_05_DamagesPrevented",".mcscript","55","72820"
"NWP_Willamette_Master_2026_10_05_DamagesPrevented",".mcscripts","4","5296"
"NWP_Willamette_Master_2026_10_05_DamagesPrevented",".md","5","55460"
"NWP_Willamette_Master_2026_10_05_DamagesPrevented",".mdx","24","163840"
"NWP_Willamette_Master_2026_10_05_DamagesPrevented",".metvue","1","27875"
"NWP_Willamette_Master_2026_10_05_DamagesPrevented",".mfp","1","73"
"NWP_Willamette_Master_2026_10_05_DamagesPrevented",".mlm","1","203"
"NWP_Willamette_Master_2026_10_05_DamagesPrevented",".osm","1","159"
"NWP_Willamette_Master_2026_10_05_DamagesPrevented",".out","1","0"
"NWP_Willamette_Master_2026_10_05_DamagesPrevented",".pdf","3","2143664"
"NWP_Willamette_Master_2026_10_05_DamagesPrevented",".pkl","3","75404"
"NWP_Willamette_Master_2026_10_05_DamagesPrevented",".png","117","7674749"
"NWP_Willamette_Master_2026_10_05_DamagesPrevented",".prj","14","8194"
"NWP_Willamette_Master_2026_10_05_DamagesPrevented",".projection","1","657"
"NWP_Willamette_Master_2026_10_05_DamagesPrevented",".ps1","1","2742"
"NWP_Willamette_Master_2026_10_05_DamagesPrevented",".pstats","2","547976"
"NWP_Willamette_Master_2026_10_05_DamagesPrevented",".py","393","2580741"
"NWP_Willamette_Master_2026_10_05_DamagesPrevented",".pyc","5","97080"
"NWP_Willamette_Master_2026_10_05_DamagesPrevented",".r","1","9497"
"NWP_Willamette_Master_2026_10_05_DamagesPrevented",".ralt","21","308442"
"NWP_Willamette_Master_2026_10_05_DamagesPrevented",".rssout","2","941345"
"NWP_Willamette_Master_2026_10_05_DamagesPrevented",".rssrun","7","16948"
"NWP_Willamette_Master_2026_10_05_DamagesPrevented",".rsys","2","9106895"
"NWP_Willamette_Master_2026_10_05_DamagesPrevented",".sam","1","75"
"NWP_Willamette_Master_2026_10_05_DamagesPrevented",".sbn","11","10100"
"NWP_Willamette_Master_2026_10_05_DamagesPrevented",".sbx","11","2100"
"NWP_Willamette_Master_2026_10_05_DamagesPrevented",".sh","9","19943"
"NWP_Willamette_Master_2026_10_05_DamagesPrevented",".shp","14","11542792"
"NWP_Willamette_Master_2026_10_05_DamagesPrevented",".shx","14","8984"
"NWP_Willamette_Master_2026_10_05_DamagesPrevented",".simperiod","12","34306"
"NWP_Willamette_Master_2026_10_05_DamagesPrevented",".simrun","19","17148"
"NWP_Willamette_Master_2026_10_05_DamagesPrevented",".stationset","2","238"
"NWP_Willamette_Master_2026_10_05_DamagesPrevented",".txt","47","22646076"
"NWP_Willamette_Master_2026_10_05_DamagesPrevented",".validationeditor","1","487"
"NWP_Willamette_Master_2026_10_05_DamagesPrevented",".wksp","3","7297"
"NWP_Willamette_Master_2026_10_05_DamagesPrevented",".wtrshd","1","3246"
"NWP_Willamette_Master_2026_10_05_DamagesPrevented",".xls","3","125952"
"NWP_Willamette_Master_2026_10_05_DamagesPrevented",".xlsm","2","4415443"
"NWP_Willamette_Master_2026_10_05_DamagesPrevented",".xlsx","13","7733590"
"NWP_Willamette_Master_2026_10_05_DamagesPrevented",".xml","41","484129"
"NWP_Willamette_Master_2026_10_05_DamagesPrevented",".yml","3","6449"
"NWP_Willamette_Master_2026_10_05_DamagesPrevented",".zip","2","539908"
