date,BIG CLIFF,BLUE RIVER,COTTAGE GROVE,COUGAR,DETROIT,DEXTER,DORENA,FALL CREEK,FERN RIDGE,FOSTER,GREEN PETER,HILLS CREEK,LOOKOUT POINT
31Dec3000,1206,1180.0,750.00,1532.0,1450.0,695.00,770.50,728.00,353.00,613.00,922.0,1448.0,825.00
01Jan3001,1206,1180.0,750.00,1532.0,1450.0,695.00,770.50,728.00,353.00,613.00,922.0,1448.0,825.00
02Jan3001,1206,1180.0,750.00,1532.0,1450.0,695.00,770.50,728.00,353.00,613.00,922.0,1448.0,825.00
03Jan3001,1206,1180.0,750.00,1532.0,1450.0,695.00,770.50,728.00,353.00,613.00,922.0,1448.0,825.00
04Jan3001,1206,1180.0,750.00,1532.0,1450.0,695.00,770.50,728.00,353.00,613.00,922.0,1448.0,825.00
05Jan3001,1206,1180.0,750.00,1532.0,1450.0,695.00,770.50,728.00,353.00,613.00,922.0,1448.0,825.00
06Jan3001,1206,1180.0,750.00,1532.0,1450.0,695.00,770.50,728.00,353.00,613.00,922.0,1448.0,825.00
07Jan3001,1206,1180.0,750.00,1532.0,1450.0,695.00,770.50,728.00,353.00,613.00,922.0,1448.0,825.00
08Jan3001,1206,1180.0,750.00,1532.0,1450.0,695.00,770.50,728.00,353.00,613.00,922.0,1448.0,825.00
09Jan3001,1206,1180.0,750.00,1532.0,1450.0,695.00,770.50,728.00,353.00,613.00,922.0,1448.0,825.00
10Jan3001,1206,1180.0,750.00,1532.0,1450.0,695.00,770.50,728.00,353.00,613.00,922.0,1448.0,825.00
11Jan3001,1206,1180.0,750.00,1532.0,1450.0,695.00,770.50,728.00,353.00,613.00,922.0,1448.0,825.00
12Jan3001,1206,1180.0,750.00,1532.0,1450.0,695.00,770.50,728.00,353.00,613.00,922.0,1448.0,825.00
13Jan3001,1206,1180.0,750.00,1532.0,1450.0,695.00,770.50,728.00,353.00,613.00,922.0,1448.0,825.00
14Jan3001,1206,1180.0,750.00,1532.0,1450.0,695.00,770.50,728.00,353.00,613.00,922.0,1448.0,825.00
15Jan3001,1206,1180.0,750.00,1532.0,1450.0,695.00,770.50,728.00,353.00,613.00,922.0,1448.0,825.00
16Jan3001,1206,1180.0,750.00,1532.0,1450.0,695.00,770.50,728.00,353.00,613.00,922.0,1448.0,825.00
17Jan3001,1206,1180.0,750.00,1532.0,1450.0,695.00,770.50,728.00,353.00,613.00,922.0,1448.0,825.00
18Jan3001,1206,1180.0,750.00,1532.0,1450.0,695.00,770.50,728.00,353.00,613.00,922.0,1448.0,825.00
19Jan3001,1206,1180.0,750.00,1532.0,1450.0,695.00,770.50,728.00,353.00,613.00,922.0,1448.0,825.00
20Jan3001,1206,1180.0,750.00,1532.0,1450.0,695.00,770.50,728.00,353.00,613.00,922.0,1448.0,825.00
21Jan3001,1206,1180.0,750.00,1532.0,1450.0,695.00,770.50,728.00,353.00,613.00,922.0,1448.0,825.00
22Jan3001,1206,1180.0,750.00,1532.0,1450.0,695.00,770.50,728.00,353.00,613.00,922.0,1448.0,825.00
23Jan3001,1206,1180.0,750.00,1532.0,1450.0,695.00,770.50,728.00,353.00,613.00,922.0,1448.0,825.00
24Jan3001,1206,1180.0,750.00,1532.0,1450.0,695.00,770.50,728.00,353.00,613.00,922.0,1448.0,825.00
25Jan3001,1206,1180.0,750.00,1532.0,1450.0,695.00,770.50,728.00,353.00,613.00,922.0,1448.0,825.00
26Jan3001,1206,1180.0,750.00,1532.0,1450.0,695.00,770.50,728.00,353.00,613.00,922.0,1448.0,825.00
27Jan3001,1206,1180.0,750.00,1532.0,1450.0,695.00,770.50,728.00,353.00,613.00,922.0,1448.0,825.00
28Jan3001,1206,1180.0,750.00,1532.0,1450.0,695.00,770.50,728.00,353.00,613.00,922.0,1448.0,825.00
29Jan3001,1206,1180.0,750.00,1532.0,1450.0,695.00,770.50,728.00,353.00,613.00,922.0,1448.0,825.00
30Jan3001,1206,1180.0,750.00,1532.0,1450.0,695.00,770.50,728.00,353.00,613.00,922.0,1448.0,825.00
31Jan3001,1206,1180.0,750.00,1532.0,1450.0,695.00,770.50,728.00,353.00,613.00,922.0,1448.0,825.00
01Feb3001,1206,1183.9,750.88,1535.5,1452.7,695.00,771.64,731.49,353.81,613.27,924.1,1450.1,826.93
02Feb3001,1206,1187.9,751.72,1538.8,1455.3,695.00,772.76,734.67,354.56,613.54,926.1,1452.2,828.86
03Feb3001,1206,1191.8,752.51,1542.1,1457.8,695.00,773.85,737.64,355.26,613.81,928.1,1454.2,830.79
04Feb3001,1206,1195.8,753.27,1545.4,1460.4,695.00,774.92,740.42,355.91,614.08,930.1,1456.2,832.72
05Feb3001,1206,1199.7,754.00,1548.6,1462.9,695.00,775.97,743.14,356.51,614.34,932.0,1458.2,834.65
06Feb3001,1206,1203.7,754.70,1551.8,1465.3,695.00,777.00,745.83,357.08,614.61,933.9,1460.2,836.58
07Feb3001,1206,1207.6,755.37,1554.9,1467.7,695.00,778.01,748.50,357.61,614.88,935.8,1462.2,838.51
08Feb3001,1206,1211.6,756.02,1558.0,1470.1,695.00,779.00,751.15,358.12,615.15,937.7,1464.1,840.44
09Feb3001,1206,1215.5,756.64,1561.1,1472.5,695.00,779.97,753.70,358.60,615.42,939.5,1466.0,842.37
10Feb3001,1206,1219.5,757.24,1564.1,1474.9,695.00,780.92,756.15,359.05,615.69,941.3,1467.9,844.30
11Feb3001,1206,1223.4,757.83,1567.1,1477.2,695.00,781.85,758.51,359.49,615.96,943.1,1469.8,846.23
12Feb3001,1206,1227.3,758.40,1570.0,1479.5,695.00,782.76,760.78,359.91,616.23,944.9,1471.6,848.16
13Feb3001,1206,1231.3,758.94,1572.9,1481.8,695.00,783.65,762.99,360.32,616.50,946.6,1473.4,850.09
14Feb3001,1206,1235.2,759.48,1575.8,1484.0,695.00,784.52,765.14,360.71,616.77,948.3,1475.2,852.03
15Feb3001,1206,1239.2,760.00,1578.6,1486.2,695.00,785.38,767.23,361.09,617.03,950.0,1477.0,853.96
16Feb3001,1206,1243.1,760.51,1581.4,1488.3,695.00,786.21,769.27,361.45,617.30,951.7,1478.7,855.89
17Feb3001,1206,1247.1,761.02,1584.1,1490.5,695.00,787.04,771.25,361.80,617.57,953.4,1480.4,857.82
18Feb3001,1206,1251.0,761.51,1586.9,1492.6,695.00,787.84,773.15,362.15,617.84,955.0,1482.2,859.75
19Feb3001,1206,1255.0,762.00,1589.6,1494.6,695.00,788.63,774.97,362.48,618.11,956.6,1483.8,861.68
20Feb3001,1206,1258.9,762.47,1592.2,1496.7,695.00,789.41,776.73,362.81,618.38,958.2,1485.5,863.61
21Feb3001,1206,1262.9,762.95,1594.9,1498.7,695.00,790.18,778.43,363.12,618.65,959.8,1487.2,865.54
22Feb3001,1206,1266.8,763.41,1597.5,1500.7,695.00,790.93,780.07,363.43,618.92,961.3,1488.8,867.47
23Feb3001,1206,1270.7,763.87,1600.1,1502.6,695.00,791.67,781.67,363.74,619.18,962.9,1490.4,869.40
24Feb3001,1206,1274.7,764.32,1602.6,1504.6,695.00,792.39,783.27,364.03,619.45,964.4,1492.1,871.33
25Feb3001,1206,1278.6,764.77,1605.2,1506.5,695.00,793.10,784.85,364.32,619.72,965.9,1493.7,873.26
26Feb3001,1206,1282.6,765.21,1607.7,1508.4,695.00,793.80,786.42,364.60,619.99,967.4,1495.2,875.19
27Feb3001,1206,1286.5,765.64,1610.1,1510.2,695.00,794.49,787.98,364.88,620.26,968.9,1496.8,877.12
28Feb3001,1206,1290.5,766.07,1612.6,1512.1,695.00,795.17,789.52,365.15,620.53,970.4,1498.4,879.05
01Mar3001,1206,1291.4,766.49,1613.9,1513.0,695.00,795.84,790.27,365.41,620.78,971.0,1499.0,879.76
02Mar3001,1206,1292.4,766.91,1615.1,1513.9,695.00,796.50,791.00,365.67,621.02,971.6,1499.6,880.47
03Mar3001,1206,1293.3,767.32,1616.4,1514.8,695.00,797.15,791.73,365.92,621.27,972.2,1500.3,881.17
04Mar3001,1206,1294.3,767.73,1617.6,1515.7,695.00,797.79,792.45,366.16,621.51,972.9,1500.9,881.88
05Mar3001,1206,1295.2,768.13,1618.9,1516.6,695.00,798.42,793.16,366.40,621.76,973.5,1501.5,882.59
06Mar3001,1206,1296.2,768.53,1620.1,1517.5,695.00,799.04,793.86,366.63,622.01,974.1,1502.1,883.30
07Mar3001,1206,1297.1,768.93,1621.4,1518.4,695.00,799.65,794.55,366.86,622.25,974.7,1502.7,884.01
08Mar3001,1206,1298.1,769.32,1622.6,1519.2,695.00,800.26,795.23,367.08,622.50,975.3,1503.3,884.72
09Mar3001,1206,1299.0,769.70,1623.8,1520.1,695.00,800.86,795.91,367.30,622.74,975.9,1504.0,885.42
10Mar3001,1206,1300.0,770.08,1625.0,1521.0,695.00,801.45,796.58,367.52,622.99,976.5,1505.0,886.13
11Mar3001,1206,1300.9,770.46,1626.2,1521.8,695.00,802.03,797.24,367.73,623.24,977.1,1505.2,886.84
12Mar3001,1206,1301.8,770.83,1627.4,1522.7,695.00,802.61,797.89,367.94,623.48,977.7,1505.8,887.55
13Mar3001,1206,1302.8,771.20,1628.6,1523.6,695.00,803.19,798.54,368.14,623.73,978.3,1506.4,888.26
14Mar3001,1206,1303.7,771.56,1629.8,1524.4,695.00,803.75,799.18,368.34,623.97,978.9,1507.0,888.97
15Mar3001,1206,1304.7,771.92,1631.0,1525.3,695.00,804.32,799.82,368.54,624.22,979.4,1508.2,889.67
16Mar3001,1206,1305.6,772.27,1632.2,1526.1,695.00,804.87,800.44,368.73,624.47,980.0,1508.8,890.38
17Mar3001,1206,1306.6,772.63,1633.4,1526.9,695.00,805.42,801.07,368.92,624.71,980.6,1509.4,891.09
18Mar3001,1206,1307.5,772.97,1634.5,1527.8,695.00,805.97,801.68,369.11,624.96,981.2,1510.0,891.80
19Mar3001,1206,1308.5,773.32,1635.7,1528.6,695.00,806.51,802.30,369.29,625.20,981.8,1510.6,892.51
20Mar3001,1206,1309.4,773.66,1636.9,1529.4,695.00,807.05,802.91,369.47,625.45,982.4,1511.2,893.22
21Mar3001,1206,1310.4,773.99,1638.0,1530.3,695.00,807.58,803.52,369.65,625.70,983.0,1511.8,893.92
22Mar3001,1206,1311.3,774.33,1639.2,1531.1,695.00,808.10,804.12,369.82,625.94,983.5,1512.4,894.63
23Mar3001,1206,1312.3,774.66,1640.3,1531.9,695.00,808.62,804.72,370.00,626.19,984.1,1513.0,895.34
24Mar3001,1206,1313.2,774.98,1641.5,1532.7,695.00,809.14,805.31,370.17,626.43,984.7,1513.6,896.05
25Mar3001,1206,1314.2,775.31,1642.6,1533.5,695.00,809.65,805.91,370.34,626.68,985.3,1514.2,896.76
26Mar3001,1206,1315.1,775.63,1643.8,1534.3,695.00,810.16,806.50,370.51,626.93,985.8,1514.8,897.47
27Mar3001,1206,1316.1,775.95,1644.9,1535.2,695.00,810.67,807.08,370.67,627.17,986.4,1515.3,898.17
28Mar3001,1206,1317.0,776.26,1646.0,1536.0,695.00,811.16,807.66,370.83,627.42,987.0,1515.9,898.88
29Mar3001,1206,1318.0,776.58,1647.1,1536.8,695.00,811.66,808.24,371.00,627.66,987.5,1516.5,899.59
30Mar3001,1206,1318.9,776.89,1648.2,1537.5,695.00,812.14,808.81,371.15,627.91,988.1,1517.1,900.30
31Mar3001,1206,1319.9,777.20,1649.3,1538.3,695.00,812.63,809.38,371.31,628.15,988.7,1517.7,900.97
01Apr3001,1206,1320.7,777.50,1650.4,1539.1,695.00,813.11,809.95,371.47,628.38,989.2,1518.2,901.63
02Apr3001,1206,1321.5,777.81,1651.5,1539.9,695.00,813.58,810.52,371.62,628.60,989.8,1518.8,902.26
03Apr3001,1206,1322.2,778.11,1652.6,1540.7,695.00,814.05,811.08,371.78,628.83,990.3,1519.4,902.90
04Apr3001,1206,1323.0,778.41,1653.7,1541.5,695.00,814.52,811.65,371.93,629.05,990.9,1520.0,903.53
05Apr3001,1206,1323.8,778.70,1654.8,1542.2,695.00,814.98,812.19,372.08,629.28,991.5,1520.5,904.16
06Apr3001,1206,1324.5,779.00,1655.9,1543.0,695.00,815.44,812.74,372.23,629.50,992.0,1521.1,904.80
07Apr3001,1206,1325.3,779.29,1657.0,1543.8,695.00,815.89,813.29,372.37,629.72,992.6,1521.7,905.43
08Apr3001,1206,1326.1,779.58,1658.0,1544.5,695.00,816.34,813.83,372.52,629.95,993.1,1522.2,906.07
09Apr3001,1206,1326.9,779.87,1659.1,1545.3,695.00,816.79,814.37,372.66,630.17,993.7,1522.8,906.70
10Apr3001,1206,1327.6,780.16,1660.2,1546.0,695.00,817.23,814.91,372.81,630.40,994.2,1523.4,907.33
11Apr3001,1206,1328.4,780.44,1661.2,1546.8,695.00,817.67,815.45,372.95,630.62,994.8,1523.9,907.97
12Apr3001,1206,1329.2,780.73,1662.3,1547.5,695.00,818.10,815.98,373.09,630.85,995.3,1524.5,908.60
13Apr3001,1206,1329.9,781.01,1663.3,1548.2,695.00,818.54,816.51,373.23,631.07,995.9,1525.0,909.24
14Apr3001,1206,1330.7,781.29,1664.4,1549.0,695.00,818.96,817.04,373.26,631.29,996.4,1525.6,909.87
15Apr3001,1206,1331.5,781.57,1665.4,1549.7,695.00,819.39,817.56,373.50,631.52,996.9,1526.2,910.50
16Apr3001,1206,1332.2,781.84,1666.4,1550.4,695.00,819.81,818.08,373.50,631.74,997.5,1526.7,911.14
17Apr3001,1206,1333.0,782.12,1667.5,1551.1,695.00,820.23,818.60,373.50,631.97,998.0,1527.3,911.77
18Apr3001,1206,1333.8,782.40,1668.5,1551.8,695.00,820.64,819.11,373.50,632.19,998.6,1527.8,912.40
19Apr3001,1206,1334.6,782.67,1669.5,1552.6,695.00,821.05,819.63,373.50,632.41,999.1,1528.3,913.04
20Apr3001,1206,1335.3,782.94,1670.5,1553.3,695.00,821.46,820.14,373.50,632.64,999.6,1528.9,913.67
21Apr3001,1206,1336.1,783.21,1671.5,1554.0,695.00,821.87,820.65,373.50,632.86,1000.2,1529.4,914.31
22Apr3001,1206,1336.9,783.48,1672.5,1554.7,695.00,822.27,821.15,373.50,633.09,1000.7,1530.0,914.94
23Apr3001,1206,1337.6,783.74,1673.6,1555.4,695.00,822.66,821.66,373.50,633.31,1001.2,1530.5,915.57
24Apr3001,1206,1338.4,784.01,1674.6,1556.1,695.00,823.06,822.16,373.50,633.53,1001.7,1531.1,916.21
25Apr3001,1206,1339.2,784.27,1675.5,1556.8,695.00,823.45,822.66,373.50,633.76,1002.3,1531.6,916.84
26Apr3001,1206,1339.9,784.54,1676.5,1557.4,695.00,823.83,823.16,373.50,633.98,1002.8,1532.1,917.47
27Apr3001,1206,1340.7,784.80,1677.5,1558.1,695.00,824.22,823.66,373.50,634.21,1003.3,1532.7,918.11
28Apr3001,1206,1341.5,785.06,1678.5,1558.8,695.00,824.60,824.16,373.50,634.43,1003.8,1533.2,918.74
29Apr3001,1206,1342.3,785.32,1679.5,1559.5,695.00,824.98,824.65,373.50,634.66,1004.4,1533.7,919.38
30Apr3001,1206,1343.0,785.57,1680.5,1560.2,695.00,825.35,825.15,373.50,634.88,1004.9,1534.3,920.01
01May3001,1206,1343.7,785.83,1681.4,1560.8,695.00,825.72,825.64,373.50,635.09,1005.4,1534.8,920.61
02May3001,1206,1344.3,786.08,1682.4,1561.5,695.00,826.09,826.13,373.50,635.30,1005.9,1535.3,921.21
03May3001,1206,1344.9,786.34,1683.4,1562.2,695.00,826.46,826.62,373.50,635.52,1006.4,1535.8,921.81
04May3001,1206,1345.6,786.59,1684.3,1562.8,695.00,826.82,827.11,373.50,635.73,1007.0,1536.4,922.41
05May3001,1206,1346.2,786.84,1685.3,1563.5,695.00,827.19,827.59,373.50,635.94,1007.5,1536.9,923.01
06May3001,1206,1346.8,787.09,1686.2,1563.5,695.00,827.54,828.08,373.50,636.15,1008.0,1537.4,923.60
07May3001,1206,1347.5,787.34,1687.2,1563.5,695.00,827.90,828.56,373.50,636.36,1008.5,1537.9,924.20
08May3001,1206,1348.1,787.59,1688.1,1563.5,695.00,828.25,829.04,373.50,636.58,1009.0,1538.4,924.80
09May3001,1206,1348.7,787.83,1689.1,1563.5,695.00,828.60,829.52,373.50,636.79,1009.5,1539.0,925.40
10May3001,1206,1349.4,788.08,1690.0,1563.5,695.00,828.95,830.00,373.50,637.00,1010.0,1539.5,926.00
11May3001,1206,1350.0,788.32,1690.0,1563.5,695.00,829.30,830.00,373.50,637.00,1010.0,1540.0,926.00
12May3001,1206,1350.0,788.57,1690.0,1563.5,695.00,829.64,830.00,373.50,637.00,1010.0,1540.5,926.00
13May3001,1206,1350.0,788.81,1690.0,1563.5,695.00,829.98,830.00,373.50,637.00,1010.0,1541.0,926.00
14May3001,1206,1350.0,789.05,1690.0,1563.5,695.00,830.32,830.00,373.50,637.00,1010.0,1541.0,926.00
15May3001,1206,1350.0,789.29,1690.0,1563.5,695.00,830.66,830.00,373.50,637.00,1010.0,1541.0,926.00
16May3001,1206,1350.0,789.53,1690.0,1563.5,695.00,831.00,830.00,373.50,637.00,1010.0,1541.0,926.00
17May3001,1206,1350.0,789.76,1690.0,1563.5,695.00,831.33,830.00,373.50,637.00,1010.0,1541.0,926.00
18May3001,1206,1350.0,790.00,1690.0,1563.5,695.00,831.67,830.00,373.50,637.00,1010.0,1541.0,926.00
19May3001,1206,1350.0,790.00,1690.0,1563.5,695.00,832.00,830.00,373.50,637.00,1010.0,1541.0,926.00
20May3001,1206,1350.0,790.00,1690.0,1563.5,695.00,832.00,830.00,373.50,637.00,1010.0,1541.0,926.00
21May3001,1206,1350.0,790.00,1690.0,1563.5,695.00,832.00,830.00,373.50,637.00,1010.0,1541.0,926.00
22May3001,1206,1350.0,790.00,1690.0,1563.5,695.00,832.00,830.00,373.50,637.00,1010.0,1541.0,926.00
23May3001,1206,1350.0,790.00,1690.0,1563.5,695.00,832.00,830.00,373.50,637.00,1010.0,1541.0,926.00
24May3001,1206,1350.0,790.00,1690.0,1563.5,695.00,832.00,830.00,373.50,637.00,1010.0,1541.0,926.00
25May3001,1206,1350.0,790.00,1690.0,1563.5,695.00,832.00,830.00,373.50,637.00,1010.0,1541.0,926.00
26May3001,1206,1350.0,790.00,1690.0,1563.5,695.00,832.00,830.00,373.50,637.00,1010.0,1541.0,926.00
27May3001,1206,1350.0,790.00,1690.0,1563.5,695.00,832.00,830.00,373.50,637.00,1010.0,1541.0,926.00
28May3001,1206,1350.0,790.00,1690.0,1563.5,695.00,832.00,830.00,373.50,637.00,1010.0,1541.0,926.00
29May3001,1206,1350.0,790.00,1690.0,1563.5,695.00,832.00,830.00,373.50,637.00,1010.0,1541.0,926.00
30May3001,1206,1350.0,790.00,1690.0,1563.5,695.00,832.00,830.00,373.50,637.00,1010.0,1541.0,926.00
31May3001,1206,1350.0,790.00,1690.0,1563.5,695.00,832.00,830.00,373.50,637.00,1010.0,1541.0,926.00
01Jun3001,1206,1350.0,790.00,1690.0,1563.5,695.00,832.00,830.00,373.50,637.00,1010.0,1541.0,926.00
02Jun3001,1206,1350.0,790.00,1690.0,1563.5,695.00,832.00,830.00,373.50,637.00,1010.0,1541.0,926.00
03Jun3001,1206,1350.0,790.00,1690.0,1563.5,695.00,832.00,830.00,373.50,637.00,1010.0,1541.0,926.00
04Jun3001,1206,1350.0,790.00,1690.0,1563.5,695.00,832.00,830.00,373.50,637.00,1010.0,1541.0,926.00
05Jun3001,1206,1350.0,790.00,1690.0,1563.5,695.00,832.00,830.00,373.50,637.00,1010.0,1541.0,926.00
06Jun3001,1206,1350.0,790.00,1690.0,1563.5,695.00,832.00,830.00,373.50,637.00,1010.0,1541.0,926.00
07Jun3001,1206,1350.0,790.00,1690.0,1563.5,695.00,832.00,830.00,373.50,637.00,1010.0,1541.0,926.00
08Jun3001,1206,1350.0,790.00,1690.0,1563.5,695.00,832.00,830.00,373.50,637.00,1010.0,1541.0,926.00
09Jun3001,1206,1350.0,790.00,1690.0,1563.5,695.00,832.00,830.00,373.50,637.00,1010.0,1541.0,926.00
10Jun3001,1206,1350.0,790.00,1690.0,1563.5,695.00,832.00,830.00,373.50,637.00,1010.0,1541.0,926.00
11Jun3001,1206,1350.0,790.00,1690.0,1563.5,695.00,832.00,830.00,373.50,637.00,1010.0,1541.0,926.00
12Jun3001,1206,1350.0,790.00,1690.0,1563.5,695.00,832.00,830.00,373.50,637.00,1010.0,1541.0,926.00
13Jun3001,1206,1350.0,790.00,1690.0,1563.5,695.00,832.00,830.00,373.50,637.00,1010.0,1541.0,926.00
14Jun3001,1206,1350.0,790.00,1690.0,1563.5,695.00,832.00,830.00,373.50,637.00,1010.0,1541.0,926.00
15Jun3001,1206,1350.0,790.00,1690.0,1563.5,695.00,832.00,830.00,373.50,637.00,1010.0,1541.0,926.00
16Jun3001,1206,1350.0,790.00,1690.0,1563.5,695.00,832.00,830.00,373.50,637.00,1010.0,1541.0,926.00
17Jun3001,1206,1350.0,790.00,1690.0,1563.5,695.00,832.00,830.00,373.50,637.00,1010.0,1541.0,926.00
18Jun3001,1206,1350.0,790.00,1690.0,1563.5,695.00,832.00,830.00,373.50,637.00,1010.0,1541.0,926.00
19Jun3001,1206,1350.0,790.00,1690.0,1563.5,695.00,832.00,830.00,373.50,637.00,1010.0,1541.0,926.00
20Jun3001,1206,1350.0,790.00,1690.0,1563.5,695.00,832.00,830.00,373.50,637.00,1010.0,1541.0,926.00
21Jun3001,1206,1350.0,790.00,1690.0,1563.5,695.00,832.00,830.00,373.50,637.00,1010.0,1541.0,926.00
22Jun3001,1206,1350.0,790.00,1690.0,1563.5,695.00,832.00,830.00,373.50,637.00,1010.0,1541.0,926.00
23Jun3001,1206,1350.0,790.00,1690.0,1563.5,695.00,832.00,830.00,373.50,637.00,1010.0,1541.0,926.00
24Jun3001,1206,1350.0,790.00,1690.0,1563.5,695.00,832.00,830.00,373.50,637.00,1010.0,1541.0,926.00
25Jun3001,1206,1350.0,790.00,1690.0,1563.5,695.00,832.00,830.00,373.50,637.00,1010.0,1541.0,926.00
26Jun3001,1206,1350.0,790.00,1690.0,1563.5,695.00,832.00,830.00,373.50,637.00,1010.0,1541.0,926.00
27Jun3001,1206,1350.0,790.00,1690.0,1563.5,695.00,832.00,830.00,373.50,637.00,1010.0,1541.0,926.00
28Jun3001,1206,1350.0,790.00,1690.0,1563.5,695.00,832.00,830.00,373.50,637.00,1010.0,1541.0,926.00
29Jun3001,1206,1350.0,790.00,1690.0,1563.5,695.00,832.00,830.00,373.50,637.00,1010.0,1541.0,926.00
30Jun3001,1206,1350.0,790.00,1690.0,1563.5,695.00,832.00,830.00,373.50,637.00,1010.0,1541.0,926.00
01Jul3001,1206,1350.0,790.00,1690.0,1563.5,695.00,832.00,830.00,373.50,637.00,1010.0,1541.0,926.00
02Jul3001,1206,1350.0,790.00,1690.0,1563.5,695.00,832.00,830.00,373.50,637.00,1010.0,1541.0,926.00
03Jul3001,1206,1350.0,790.00,1690.0,1563.5,695.00,832.00,830.00,373.50,637.00,1010.0,1541.0,926.00
04Jul3001,1206,1350.0,790.00,1690.0,1563.5,695.00,832.00,830.00,373.50,637.00,1010.0,1541.0,926.00
05Jul3001,1206,1350.0,790.00,1690.0,1563.5,695.00,832.00,830.00,373.50,637.00,1010.0,1541.0,926.00
06Jul3001,1206,1350.0,790.00,1690.0,1563.5,695.00,832.00,830.00,373.50,637.00,1010.0,1541.0,926.00
07Jul3001,1206,1350.0,790.00,1690.0,1563.5,695.00,832.00,830.00,373.50,637.00,1010.0,1541.0,926.00
08Jul3001,1206,1350.0,790.00,1690.0,1563.5,695.00,832.00,830.00,373.50,637.00,1010.0,1541.0,926.00
09Jul3001,1206,1350.0,790.00,1690.0,1563.5,695.00,832.00,830.00,373.50,637.00,1010.0,1541.0,926.00
10Jul3001,1206,1350.0,790.00,1690.0,1563.5,695.00,832.00,830.00,373.50,637.00,1010.0,1541.0,926.00
11Jul3001,1206,1350.0,790.00,1690.0,1563.5,695.00,832.00,830.00,373.50,637.00,1010.0,1541.0,926.00
12Jul3001,1206,1350.0,790.00,1690.0,1563.5,695.00,832.00,830.00,373.50,637.00,1010.0,1541.0,926.00
13Jul3001,1206,1350.0,790.00,1690.0,1563.5,695.00,832.00,830.00,373.50,637.00,1010.0,1541.0,926.00
14Jul3001,1206,1350.0,790.00,1690.0,1563.5,695.00,832.00,830.00,373.50,637.00,1010.0,1541.0,926.00
15Jul3001,1206,1350.0,790.00,1690.0,1563.5,695.00,832.00,830.00,373.50,637.00,1010.0,1541.0,926.00
16Jul3001,1206,1350.0,790.00,1690.0,1563.5,695.00,832.00,830.00,373.50,637.00,1010.0,1541.0,926.00
17Jul3001,1206,1350.0,790.00,1690.0,1563.5,695.00,832.00,830.00,373.50,637.00,1010.0,1541.0,926.00
18Jul3001,1206,1350.0,790.00,1690.0,1563.5,695.00,832.00,830.00,373.50,637.00,1010.0,1541.0,926.00
19Jul3001,1206,1350.0,790.00,1690.0,1563.5,695.00,832.00,830.00,373.50,637.00,1010.0,1541.0,926.00
20Jul3001,1206,1350.0,790.00,1690.0,1563.5,695.00,832.00,830.00,373.50,637.00,1010.0,1541.0,926.00
21Jul3001,1206,1350.0,790.00,1690.0,1563.5,695.00,832.00,830.00,373.50,637.00,1010.0,1541.0,926.00
22Jul3001,1206,1350.0,790.00,1690.0,1563.5,695.00,832.00,830.00,373.50,637.00,1010.0,1541.0,926.00
23Jul3001,1206,1350.0,790.00,1690.0,1563.5,695.00,832.00,830.00,373.50,637.00,1010.0,1541.0,926.00
24Jul3001,1206,1350.0,790.00,1690.0,1563.5,695.00,832.00,830.00,373.50,637.00,1010.0,1541.0,926.00
25Jul3001,1206,1350.0,790.00,1690.0,1563.5,695.00,832.00,830.00,373.50,637.00,1010.0,1541.0,926.00
26Jul3001,1206,1350.0,790.00,1690.0,1563.5,695.00,832.00,830.00,373.50,637.00,1010.0,1541.0,926.00
27Jul3001,1206,1350.0,790.00,1690.0,1563.5,695.00,832.00,830.00,373.50,637.00,1010.0,1541.0,926.00
28Jul3001,1206,1350.0,790.00,1690.0,1563.5,695.00,832.00,830.00,373.50,637.00,1010.0,1541.0,926.00
29Jul3001,1206,1350.0,790.00,1690.0,1563.5,695.00,832.00,830.00,373.50,637.00,1010.0,1541.0,926.00
30Jul3001,1206,1350.0,790.00,1690.0,1563.5,695.00,832.00,830.00,373.50,637.00,1010.0,1541.0,926.00
31Jul3001,1206,1350.0,790.00,1690.0,1563.5,695.00,832.00,830.00,373.50,637.00,1010.0,1541.0,926.00
01Aug3001,1206,1350.0,790.00,1690.0,1563.5,695.00,832.00,830.00,373.50,637.00,1010.0,1541.0,926.00
02Aug3001,1206,1350.0,790.00,1690.0,1563.5,695.00,832.00,830.00,373.50,637.00,1010.0,1541.0,926.00
03Aug3001,1206,1350.0,790.00,1690.0,1563.5,695.00,832.00,830.00,373.50,637.00,1010.0,1541.0,926.00
04Aug3001,1206,1350.0,790.00,1690.0,1563.5,695.00,832.00,830.00,373.50,637.00,1010.0,1541.0,926.00
05Aug3001,1206,1350.0,790.00,1690.0,1563.5,695.00,832.00,830.00,373.50,637.00,1010.0,1541.0,926.00
06Aug3001,1206,1350.0,790.00,1690.0,1563.5,695.00,832.00,830.00,373.50,637.00,1010.0,1541.0,926.00
07Aug3001,1206,1350.0,790.00,1690.0,1563.5,695.00,832.00,830.00,373.50,637.00,1010.0,1541.0,926.00
08Aug3001,1206,1350.0,790.00,1690.0,1563.5,695.00,832.00,830.00,373.50,637.00,1010.0,1541.0,926.00
09Aug3001,1206,1350.0,790.00,1690.0,1563.5,695.00,832.00,830.00,373.50,637.00,1010.0,1541.0,926.00
10Aug3001,1206,1350.0,790.00,1690.0,1563.5,695.00,832.00,830.00,373.50,637.00,1010.0,1541.0,926.00
11Aug3001,1206,1350.0,790.00,1690.0,1563.5,695.00,832.00,830.00,373.50,637.00,1010.0,1541.0,926.00
12Aug3001,1206,1350.0,790.00,1690.0,1563.5,695.00,832.00,830.00,373.50,637.00,1010.0,1541.0,926.00
13Aug3001,1206,1350.0,790.00,1690.0,1563.5,695.00,832.00,830.00,373.50,637.00,1010.0,1541.0,926.00
14Aug3001,1206,1350.0,790.00,1690.0,1563.5,695.00,832.00,830.00,373.50,637.00,1010.0,1541.0,926.00
15Aug3001,1206,1350.0,790.00,1690.0,1563.5,695.00,832.00,830.00,373.50,637.00,1010.0,1541.0,926.00
16Aug3001,1206,1350.0,790.00,1690.0,1563.5,695.00,832.00,830.00,373.50,637.00,1010.0,1541.0,926.00
17Aug3001,1206,1350.0,790.00,1690.0,1563.5,695.00,832.00,830.00,373.50,637.00,1010.0,1541.0,926.00
18Aug3001,1206,1350.0,790.00,1690.0,1563.5,695.00,832.00,830.00,373.50,637.00,1010.0,1541.0,926.00
19Aug3001,1206,1350.0,790.00,1690.0,1563.5,695.00,832.00,830.00,373.50,637.00,1010.0,1541.0,926.00
20Aug3001,1206,1350.0,790.00,1690.0,1563.5,695.00,832.00,830.00,373.50,637.00,1010.0,1541.0,926.00
21Aug3001,1206,1350.0,790.00,1690.0,1563.5,695.00,832.00,830.00,373.50,637.00,1010.0,1541.0,926.00
22Aug3001,1206,1350.0,790.00,1690.0,1563.5,695.00,832.00,830.00,373.50,637.00,1010.0,1541.0,926.00
23Aug3001,1206,1350.0,790.00,1690.0,1563.5,695.00,832.00,830.00,373.50,637.00,1010.0,1541.0,926.00
24Aug3001,1206,1350.0,790.00,1690.0,1563.5,695.00,832.00,830.00,373.50,637.00,1010.0,1541.0,926.00
25Aug3001,1206,1350.0,790.00,1690.0,1563.5,695.00,832.00,830.00,373.50,637.00,1010.0,1541.0,926.00
26Aug3001,1206,1350.0,790.00,1690.0,1563.5,695.00,832.00,830.00,373.50,637.00,1010.0,1541.0,926.00
27Aug3001,1206,1350.0,790.00,1690.0,1563.5,695.00,832.00,830.00,373.50,637.00,1010.0,1541.0,926.00
28Aug3001,1206,1350.0,790.00,1690.0,1563.5,695.00,832.00,830.00,373.50,637.00,1010.0,1541.0,926.00
29Aug3001,1206,1350.0,790.00,1690.0,1563.5,695.00,832.00,830.00,373.50,637.00,1010.0,1541.0,926.00
30Aug3001,1206,1350.0,790.00,1690.0,1563.5,695.00,832.00,830.00,373.50,637.00,1010.0,1541.0,926.00
31Aug3001,1206,1350.0,790.00,1690.0,1563.5,695.00,832.00,830.00,373.50,637.00,1010.0,1541.0,926.00
01Sep3001,1206,1348.8,789.58,1687.6,1562.7,695.00,831.41,830.00,373.50,637.00,1009.3,1540.3,925.19
02Sep3001,1206,1347.5,789.17,1686.3,1561.8,695.00,830.32,829.19,373.50,637.00,1008.7,1539.6,924.38
03Sep3001,1206,1346.3,788.74,1685.1,1561.0,695.00,830.22,828.37,373.50,637.00,1008.0,1538.9,923.56
04Sep3001,1206,1345.0,788.32,1683.8,1560.2,695.00,829.61,827.55,373.50,637.00,1007.4,1538.2,922.75
05Sep3001,1206,1343.8,787.89,1682.6,1559.4,695.00,829.00,826.73,373.50,637.00,1006.7,1537.5,921.94
06Sep3001,1206,1342.5,787.46,1681.3,1558.5,695.00,828.39,825.90,373.50,637.00,1006.0,1536.8,921.13
07Sep3001,1206,1341.3,787.02,1680.1,1557.7,695.00,827.76,825.07,373.50,637.00,1005.3,1536.1,920.31
08Sep3001,1206,1340.0,786.58,1678.8,1556.8,695.00,827.13,824.23,373.50,637.00,1004.7,1535.4,919.50
09Sep3001,1206,1338.8,786.14,1677.5,1556.0,695.00,826.48,823.39,373.50,637.00,1004.0,1534.7,918.69
10Sep3001,1206,1337.5,785.69,1676.2,1555.1,695.00,825.83,822.54,373.50,637.00,1003.3,1534.0,917.88
11Sep3001,1206,1336.3,785.24,1674.9,1554.3,695.00,825.17,821.69,373.50,637.00,1002.6,1533.3,917.06
12Sep3001,1206,1335.0,784.78,1673.6,1553.4,695.00,824.51,820.83,373.50,637.00,1001.9,1532.5,916.25
13Sep3001,1206,1333.8,784.32,1672.3,1552.5,695.00,823.83,819.97,373.50,637.00,1001.3,1531.8,915.44
14Sep3001,1206,1332.5,783.86,1671.0,1551.6,695.00,823.14,819.10,373.50,637.00,1000.6,1531.1,914.63
15Sep3001,1206,1331.3,783.39,1669.7,1550.7,695.00,822.44,818.23,373.50,637.00,999.9,1530.3,913.81
16Sep3001,1206,1330.0,782.92,1668.3,1549.8,695.00,821.73,817.35,373.50,637.00,999.2,1529.6,913.00
17Sep3001,1206,1328.8,782.44,1667.0,1548.9,695.00,821.01,816.45,373.50,637.00,998.5,1528.9,912.19
18Sep3001,1206,1327.5,781.96,1665.7,1548.0,695.00,820.28,815.55,373.50,637.00,997.8,1528.1,911.38
19Sep3001,1206,1326.3,781.48,1664.3,1547.1,695.00,819.54,814.65,373.50,637.00,997.1,1527.4,910.56
20Sep3001,1206,1325.0,780.99,1662.9,1546.2,695.00,818.79,813.73,373.50,637.00,996.4,1526.6,909.75
21Sep3001,1206,1323.8,780.49,1661.6,1545.3,695.00,818.03,812.80,373.32,637.00,995.7,1525.9,908.94
22Sep3001,1206,1322.5,779.99,1660.2,1544.4,695.00,817.25,811.87,373.14,637.00,994.9,1525.1,908.13
23Sep3001,1206,1321.3,779.48,1658.8,1543.4,695.00,816.47,810.93,372.96,637.00,994.2,1524.4,907.32
24Sep3001,1206,1320.0,778.97,1657.4,1542.5,695.00,815.67,809.97,372.78,637.00,993.5,1523.6,906.50
25Sep3001,1206,1318.8,778.45,1656.0,1541.5,695.00,814.86,809.01,372.59,637.00,992.8,1522.9,905.69
26Sep3001,1206,1317.5,777.92,1654.6,1540.6,695.00,814.04,808.04,372.40,637.00,992.1,1522.1,904.88
27Sep3001,1206,1316.3,777.39,1653.2,1539.6,695.00,813.20,807.05,372.21,637.00,991.4,1521.3,904.07
28Sep3001,1206,1315.0,776.85,1651.8,1538.6,695.00,812.35,806.06,372.02,637.00,990.6,1520.6,903.25
29Sep3001,1206,1313.8,776.30,1650.4,1537.6,695.00,811.49,805.06,371.82,637.00,989.9,1519.8,902.44
30Sep3001,1206,1312.5,775.75,1648.9,1536.7,695.00,810.61,804.04,371.63,637.00,989.2,1519.0,901.58
01Oct3001,1206,1311.1,775.19,1647.5,1535.7,695.00,809.71,803.02,371.43,636.55,988.4,1518.2,900.71
02Oct3001,1206,1309.1,774.61,1646.0,1534.7,695.00,808.80,801.98,371.22,636.05,987.7,1517.4,899.77
03Oct3001,1206,1307.1,774.03,1644.6,1533.7,695.00,807.88,800.94,371.02,635.55,987.0,1516.7,898.83
04Oct3001,1206,1305.0,773.44,1643.1,1532.7,695.00,806.94,799.88,370.81,635.06,986.2,1515.9,897.89
05Oct3001,1206,1303.0,772.84,1641.6,1531.7,695.00,805.99,798.80,370.59,634.56,985.5,1515.1,896.95
06Oct3001,1206,1301.0,772.22,1640.1,1530.7,695.00,805.02,797.70,370.38,634.06,984.7,1514.3,896.01
07Oct3001,1206,1299.0,771.60,1638.6,1529.6,695.00,804.03,796.59,370.16,633.57,984.0,1513.5,895.07
08Oct3001,1206,1297.0,770.96,1637.1,1528.6,695.00,803.03,795.45,369.93,633.07,983.2,1512.7,894.13
09Oct3001,1206,1295.0,770.30,1635.6,1527.6,695.00,802.01,794.29,369.71,632.57,982.5,1511.9,893.19
10Oct3001,1206,1293.0,769.64,1634.1,1526.6,695.00,800.96,793.11,369.48,632.07,981.7,1511.1,892.25
11Oct3001,1206,1291.0,768.96,1632.5,1525.5,695.00,799.90,791.90,369.24,631.58,981.0,1510.3,891.31
12Oct3001,1206,1289.0,768.26,1631.0,1524.5,695.00,798.82,790.67,369.00,631.08,980.2,1509.5,890.37
13Oct3001,1206,1287.0,767.56,1629.4,1523.4,695.00,797.70,789.41,368.76,630.58,979.4,1508.7,889.43
14Oct3001,1206,1285.0,766.83,1627.9,1522.3,695.00,796.56,788.14,368.50,630.09,978.7,1507.8,888.49
15Oct3001,1206,1283.0,766.10,1626.3,1521.3,695.00,795.39,786.86,368.25,629.59,977.9,1507.0,887.55
16Oct3001,1206,1280.9,765.34,1624.7,1520.2,695.00,794.19,785.58,367.99,629.09,977.1,1506.2,886.61
17Oct3001,1206,1278.9,764.57,1623.2,1519.1,695.00,792.95,784.28,367.72,628.59,976.3,1505.4,885.67
18Oct3001,1206,1276.9,763.78,1621.6,1518.0,695.00,791.68,782.98,367.44,628.09,975.6,1504.6,884.73
19Oct3001,1206,1274.9,762.97,1620.0,1516.9,695.00,790.36,781.67,367.16,627.60,974.8,1503.7,883.79
20Oct3001,1206,1272.9,762.14,1618.3,1515.8,695.00,789.01,780.35,366.87,627.10,974.0,1502.9,882.85
21Oct3001,1206,1270.9,761.28,1616.7,1514.7,695.00,787.61,779.02,366.58,626.60,973.2,1502.0,881.91
22Oct3001,1206,1268.9,760.40,1615.1,1513.6,695.00,786.16,777.65,366.27,626.11,972.4,1501.2,880.97
23Oct3001,1206,1266.9,759.50,1613.4,1512.5,695.00,784.66,776.24,365.96,625.61,971.6,1500.3,880.03
24Oct3001,1206,1264.9,758.55,1611.8,1511.4,695.00,783.11,774.78,365.63,625.11,970.8,1499.5,879.09
25Oct3001,1206,1262.9,757.55,1610.1,1510.2,695.00,781.50,773.28,365.30,624.61,970.0,1498.7,878.15
26Oct3001,1206,1260.9,756.50,1608.4,1509.1,695.00,779.83,771.73,364.95,624.12,969.2,1497.8,877.21
27Oct3001,1206,1258.9,755.38,1606.7,1507.9,695.00,778.09,770.13,364.59,623.62,968.4,1496.9,876.27
28Oct3001,1206,1256.8,754.19,1605.0,1506.7,695.00,776.29,768.47,364.22,623.12,967.6,1496.1,875.33
29Oct3001,1206,1254.8,752.90,1603.3,1505.6,695.00,774.44,766.79,363.84,622.63,966.8,1495.2,874.39
30Oct3001,1206,1252.8,751.52,1601.6,1504.4,695.00,772.51,765.06,363.46,622.13,965.9,1494.3,873.45
31Oct3001,1206,1250.8,750.00,1599.8,1503.2,695.00,770.50,763.30,363.05,621.63,965.1,1493.4,872.51
01Nov3001,1206,1246.1,750.00,1598.1,1502.0,695.00,770.50,761.50,362.64,621.05,964.3,1492.6,871.42
02Nov3001,1206,1241.4,750.00,1596.3,1500.8,695.00,770.50,759.66,362.21,620.48,963.4,1491.7,870.32
03Nov3001,1206,1236.7,750.00,1594.6,1499.6,695.00,770.50,757.76,361.76,619.90,962.6,1490.8,869.23
04Nov3001,1206,1231.9,750.00,1592.8,1498.3,695.00,770.50,755.81,361.30,619.33,961.7,1489.9,868.13
05Nov3001,1206,1227.2,750.00,1591.0,1497.1,695.00,770.50,753.79,360.82,618.75,960.9,1489.0,867.04
06Nov3001,1206,1222.5,750.00,1589.1,1495.9,695.00,770.50,751.70,360.31,618.18,960.0,1488.1,865.95
07Nov3001,1206,1217.8,750.00,1587.3,1494.6,695.00,770.50,749.55,359.78,617.60,959.2,1487.2,864.85
08Nov3001,1206,1213.0,750.00,1585.5,1493.3,695.00,770.50,747.36,359.23,617.03,958.3,1486.3,863.76
09Nov3001,1206,1208.3,750.00,1583.6,1492.0,695.00,770.50,745.16,358.64,616.45,957.4,1485.3,862.66
10Nov3001,1206,1203.6,750.00,1581.7,1490.7,695.00,770.50,742.94,358.01,615.88,956.5,1484.4,861.57
11Nov3001,1206,1198.9,750.00,1579.8,1489.4,695.00,770.50,740.72,357.34,615.30,955.6,1483.5,860.48
12Nov3001,1206,1194.2,750.00,1577.9,1488.1,695.00,770.50,738.45,356.62,614.73,954.8,1482.5,859.38
13Nov3001,1206,1189.4,750.00,1576.0,1486.8,695.00,770.50,736.08,355.84,614.15,953.9,1481.6,858.29
14Nov3001,1206,1184.7,750.00,1574.1,1485.5,695.00,770.50,733.56,354.04,613.58,953.0,1480.6,857.19
15Nov3001,1206,1180.0,750.00,1571.5,1484.1,695.00,770.50,730.90,353.00,613.00,952.0,1479.7,856.10
16Nov3001,1206,1180.0,750.00,1568.9,1482.0,695.00,770.50,728.00,353.00,613.00,951.5,1477.8,854.03
17Nov3001,1206,1180.0,750.00,1566.2,1479.9,695.00,770.50,728.00,353.00,613.00,950.9,1475.8,851.95
18Nov3001,1206,1180.0,750.00,1563.6,1477.7,695.00,770.50,728.00,353.00,613.00,950.3,1473.9,849.88
19Nov3001,1206,1180.0,750.00,1560.9,1475.6,695.00,770.50,728.00,353.00,613.00,949.7,1471.9,847.81
20Nov3001,1206,1180.0,750.00,1558.2,1473.4,695.00,770.50,728.00,353.00,613.00,949.1,1469.8,845.73
21Nov3001,1206,1180.0,750.00,1555.4,1471.2,695.00,770.50,728.00,353.00,613.00,948.5,1467.8,843.66
22Nov3001,1206,1180.0,750.00,1552.6,1468.9,695.00,770.50,728.00,353.00,613.00,947.9,1465.7,841.59
23Nov3001,1206,1180.0,750.00,1549.8,1466.7,695.00,770.50,728.00,353.00,613.00,947.3,1463.6,839.51
24Nov3001,1206,1180.0,750.00,1546.9,1464.4,695.00,770.50,728.00,353.00,613.00,946.7,1461.4,837.44
25Nov3001,1206,1180.0,750.00,1544.0,1462.1,695.00,770.50,728.00,353.00,613.00,946.1,1459.3,835.37
26Nov3001,1206,1180.0,750.00,1541.1,1459.7,695.00,770.50,728.00,353.00,613.00,945.4,1457.1,833.29
27Nov3001,1206,1180.0,750.00,1538.1,1457.3,695.00,770.50,728.00,353.00,613.00,944.8,1454.8,831.22
28Nov3001,1206,1180.0,750.00,1535.1,1454.9,695.00,770.50,728.00,353.00,613.00,944.2,1452.6,829.15
29Nov3001,1206,1180.0,750.00,1532.0,1452.5,695.00,770.50,728.00,353.00,613.00,943.6,1450.3,827.07
30Nov3001,1206,1180.0,750.00,1532.0,1450.0,695.00,770.50,728.00,353.00,613.00,943.0,1448.0,825.00
01Dec3001,1206,1180.0,750.00,1532.0,1450.0,695.00,770.50,728.00,353.00,613.00,942.3,1448.0,825.00
02Dec3001,1206,1180.0,750.00,1532.0,1450.0,695.00,770.50,728.00,353.00,613.00,941.7,1448.0,825.00
03Dec3001,1206,1180.0,750.00,1532.0,1450.0,695.00,770.50,728.00,353.00,613.00,941.1,1448.0,825.00
04Dec3001,1206,1180.0,750.00,1532.0,1450.0,695.00,770.50,728.00,353.00,613.00,940.4,1448.0,825.00
05Dec3001,1206,1180.0,750.00,1532.0,1450.0,695.00,770.50,728.00,353.00,613.00,939.8,1448.0,825.00
06Dec3001,1206,1180.0,750.00,1532.0,1450.0,695.00,770.50,728.00,353.00,613.00,939.2,1448.0,825.00
07Dec3001,1206,1180.0,750.00,1532.0,1450.0,695.00,770.50,728.00,353.00,613.00,938.5,1448.0,825.00
08Dec3001,1206,1180.0,750.00,1532.0,1450.0,695.00,770.50,728.00,353.00,613.00,937.9,1448.0,825.00
09Dec3001,1206,1180.0,750.00,1532.0,1450.0,695.00,770.50,728.00,353.00,613.00,937.2,1448.0,825.00
10Dec3001,1206,1180.0,750.00,1532.0,1450.0,695.00,770.50,728.00,353.00,613.00,936.6,1448.0,825.00
11Dec3001,1206,1180.0,750.00,1532.0,1450.0,695.00,770.50,728.00,353.00,613.00,935.9,1448.0,825.00
12Dec3001,1206,1180.0,750.00,1532.0,1450.0,695.00,770.50,728.00,353.00,613.00,935.2,1448.0,825.00
13Dec3001,1206,1180.0,750.00,1532.0,1450.0,695.00,770.50,728.00,353.00,613.00,934.6,1448.0,825.00
14Dec3001,1206,1180.0,750.00,1532.0,1450.0,695.00,770.50,728.00,353.00,613.00,933.9,1448.0,825.00
15Dec3001,1206,1180.0,750.00,1532.0,1450.0,695.00,770.50,728.00,353.00,613.00,933.2,1448.0,825.00
16Dec3001,1206,1180.0,750.00,1532.0,1450.0,695.00,770.50,728.00,353.00,613.00,932.6,1448.0,825.00
17Dec3001,1206,1180.0,750.00,1532.0,1450.0,695.00,770.50,728.00,353.00,613.00,931.9,1448.0,825.00
18Dec3001,1206,1180.0,750.00,1532.0,1450.0,695.00,770.50,728.00,353.00,613.00,931.2,1448.0,825.00
19Dec3001,1206,1180.0,750.00,1532.0,1450.0,695.00,770.50,728.00,353.00,613.00,930.5,1448.0,825.00
20Dec3001,1206,1180.0,750.00,1532.0,1450.0,695.00,770.50,728.00,353.00,613.00,929.8,1448.0,825.00
21Dec3001,1206,1180.0,750.00,1532.0,1450.0,695.00,770.50,728.00,353.00,613.00,929.1,1448.0,825.00
22Dec3001,1206,1180.0,750.00,1532.0,1450.0,695.00,770.50,728.00,353.00,613.00,928.4,1448.0,825.00
23Dec3001,1206,1180.0,750.00,1532.0,1450.0,695.00,770.50,728.00,353.00,613.00,927.7,1448.0,825.00
24Dec3001,1206,1180.0,750.00,1532.0,1450.0,695.00,770.50,728.00,353.00,613.00,927.0,1448.0,825.00
25Dec3001,1206,1180.0,750.00,1532.0,1450.0,695.00,770.50,728.00,353.00,613.00,926.3,1448.0,825.00
26Dec3001,1206,1180.0,750.00,1532.0,1450.0,695.00,770.50,728.00,353.00,613.00,925.6,1448.0,825.00
27Dec3001,1206,1180.0,750.00,1532.0,1450.0,695.00,770.50,728.00,353.00,613.00,924.9,1448.0,825.00
28Dec3001,1206,1180.0,750.00,1532.0,1450.0,695.00,770.50,728.00,353.00,613.00,924.2,1448.0,825.00
29Dec3001,1206,1180.0,750.00,1532.0,1450.0,695.00,770.50,728.00,353.00,613.00,923.5,1448.0,825.00
30Dec3001,1206,1180.0,750.00,1532.0,1450.0,695.00,770.50,728.00,353.00,613.00,922.7,1448.0,825.00
31Dec3001,1206,1180.0,750.00,1532.0,1450.0,695.00,770.50,728.00,353.00,613.00,922.0,1448.0,825.00
